threads,chunk_size_bytes,run,elapsed_seconds,bytes,throughput_mb_s
1,262144,1,17.7345,20971520,1.12775
1,262144,2,17.7734,20971520,1.12527
1,262144,3,17.7199,20971520,1.12868
4,262144,1,4.57393,20971520,4.37261
4,262144,2,4.51207,20971520,4.43255
4,262144,3,4.50452,20971520,4.43998
8,262144,1,2.3104,20971520,8.65652
8,262144,2,2.30974,20971520,8.65897
8,262144,3,2.33332,20971520,8.57148
1,1048576,1,19.5206,20971520,1.02456
1,1048576,2,19.5089,20971520,1.02518
1,1048576,3,19.5035,20971520,1.02546
4,1048576,1,4.95277,20971520,4.03814
4,1048576,2,4.96788,20971520,4.02586
4,1048576,3,4.97011,20971520,4.02406
8,1048576,1,2.956,20971520,6.76589
8,1048576,2,2.57202,20971520,7.776
8,1048576,3,2.60977,20971520,7.6635
1,4194304,1,19.9775,20971520,1.00113
1,4194304,2,19.9503,20971520,1.00249
1,4194304,3,19.9648,20971520,1.00177
4,4194304,1,5.00604,20971520,3.99518
4,4194304,2,5.06722,20971520,3.94694
4,4194304,3,5.02301,20971520,3.98168
8,4194304,1,2.55561,20971520,7.82591
8,4194304,2,2.58126,20971520,7.74814
8,4194304,3,2.57611,20971520,7.76364
1,10485760,1,20.0756,20971520,0.996236
1,10485760,2,20.0375,20971520,0.998127
1,10485760,3,20.0878,20971520,0.995628
4,10485760,1,5.07102,20971520,3.94398
4,10485760,2,5.09073,20971520,3.92871
4,10485760,3,5.08555,20971520,3.93271
8,10485760,1,2.57039,20971520,7.78093
8,10485760,2,2.7939,20971520,7.15846
8,10485760,3,2.82413,20971520,7.08183
